{"cameraMode":{"drawMode":0,"name":"Shaded","section":"Shading Mode"},"sceneLighting":true,"audioPlay":false,"sceneViewState":{"m_AlwaysRefresh":false,"showFog":true,"showSkybox":true,"showFlares":true,"showImageEffects":true,"showParticleSystems":true,"showVisualEffectGraphs":true,"m_FxEnabled":true},"in2DMode":false,"pivot":{"x":0.035470008850097659,"y":0.39967966079711916,"z":0.2218644917011261},"rotation":{"x":-0.2259058803319931,"y":0.7064611911773682,"z":-0.2577263414859772,"w":-0.6192386150360107},"size":1.6457316875457764,"orthographic":false}